,loss,mse,val_loss,val_mse
0,0.04733492434024811,0.04733492434024811,0.02544436790049076,0.02544436790049076
1,0.03994450345635414,0.03994450345635414,0.022217772901058197,0.022217772901058197
2,0.036439865827560425,0.036439865827560425,0.0202005784958601,0.0202005784958601
3,0.03325201943516731,0.03325201943516731,0.01846068538725376,0.01846068538725376
4,0.030702896416187286,0.030702896416187286,0.017162490636110306,0.017162490636110306
5,0.028760211542248726,0.028760211542248726,0.015685195103287697,0.015685195103287697
6,0.02731848880648613,0.02731848880648613,0.014635714702308178,0.014635714702308178
7,0.025936676189303398,0.025936676189303398,0.014151905663311481,0.014151905663311481
8,0.024862300604581833,0.024862300604581833,0.012886762619018555,0.012886762619018555
9,0.023828106001019478,0.023828106001019478,0.012694761157035828,0.012694761157035828
10,0.02297002263367176,0.02297002263367176,0.012368636205792427,0.012368636205792427
11,0.022033274173736572,0.022033274173736572,0.011223545297980309,0.011223545297980309
12,0.02089547924697399,0.02089547924697399,0.010736384429037571,0.010736384429037571
13,0.018989576026797295,0.018989576026797295,0.009671220555901527,0.009671220555901527
14,0.015833811834454536,0.015833811834454536,0.0055557070299983025,0.0055557070299983025
15,0.012028351426124573,0.012028351426124573,0.0034584521781653166,0.0034584521781653166
16,0.010527818463742733,0.010527818463742733,0.003535968018695712,0.003535968018695712
17,0.009982527233660221,0.009982527233660221,0.0035954590421169996,0.0035954590421169996
18,0.009670653380453587,0.009670653380453587,0.004407050553709269,0.004407050553709269
19,0.009561608545482159,0.009561608545482159,0.004064343869686127,0.004064343869686127
20,0.009425375610589981,0.009425375610589981,0.003604027209803462,0.003604027209803462
21,0.009366768412292004,0.009366768412292004,0.0036409092135727406,0.0036409092135727406
22,0.009302640333771706,0.009302640333771706,0.00395590253174305,0.00395590253174305
23,0.009252935647964478,0.009252935647964478,0.004185499623417854,0.004185499623417854
24,0.009205994196236134,0.009205994196236134,0.004355619661509991,0.004355619661509991
25,0.009129221551120281,0.009129221551120281,0.0037971516139805317,0.0037971516139805317
26,0.008994952775537968,0.008994952775537968,0.0038796556182205677,0.0038796556182205677
27,0.009024333208799362,0.009024333208799362,0.004136909730732441,0.004136909730732441
28,0.009090692736208439,0.009090692736208439,0.0038592456839978695,0.0038592456839978695
29,0.00893167220056057,0.00893167220056057,0.003930353093892336,0.003930353093892336
30,0.008892107754945755,0.008892107754945755,0.003803716506808996,0.003803716506808996
31,0.008881952613592148,0.008881952613592148,0.003962981514632702,0.003962981514632702
32,0.00879232119768858,0.00879232119768858,0.005889286752790213,0.005889286752790213
33,0.008807945996522903,0.008807945996522903,0.0042969947680830956,0.0042969947680830956
34,0.008827225305140018,0.008827225305140018,0.004046809859573841,0.004046809859573841
35,0.008768842555582523,0.008768842555582523,0.003875479567795992,0.003875479567795992
36,0.008695241063833237,0.008695241063833237,0.0038289048243314028,0.0038289048243314028
37,0.00866582989692688,0.00866582989692688,0.0038823620416224003,0.0038823620416224003
38,0.008594322018325329,0.008594322018325329,0.0038135559298098087,0.0038135559298098087
39,0.008628402836620808,0.008628402836620808,0.003863455029204488,0.003863455029204488
40,0.008548635058104992,0.008548635058104992,0.004077247343957424,0.004077247343957424
41,0.008531790226697922,0.008531790226697922,0.004301519598811865,0.004301519598811865
42,0.008452912792563438,0.008452912792563438,0.0037857401184737682,0.0037857401184737682
43,0.008545459248125553,0.008545459248125553,0.00419245008379221,0.00419245008379221
44,0.008450763300061226,0.008450763300061226,0.004111751914024353,0.004111751914024353
45,0.008408927358686924,0.008408927358686924,0.0037203566171228886,0.0037203566171228886
46,0.008449462242424488,0.008449462242424488,0.004653193522244692,0.004653193522244692
47,0.008516513742506504,0.008516513742506504,0.004019186832010746,0.004019186832010746
48,0.008310570381581783,0.008310570381581783,0.003752202494069934,0.003752202494069934
49,0.008359947241842747,0.008359947241842747,0.0038268142379820347,0.0038268142379820347
50,0.008372564800083637,0.008372564800083637,0.004000031389296055,0.004000031389296055
51,0.008285578340291977,0.008285578340291977,0.004241225775331259,0.004241225775331259
52,0.00828318390995264,0.00828318390995264,0.0038663025479763746,0.0038663025479763746
53,0.008337988518178463,0.008337988518178463,0.003783042775467038,0.003783042775467038
54,0.008278308436274529,0.008278308436274529,0.003728469368070364,0.003728469368070364
55,0.00832048337906599,0.00832048337906599,0.0038624885492026806,0.0038624885492026806
56,0.008297663182020187,0.008297663182020187,0.003852179739624262,0.003852179739624262
57,0.008176562376320362,0.008176562376320362,0.0039468384347856045,0.0039468384347856045
58,0.008185060694813728,0.008185060694813728,0.004015664104372263,0.004015664104372263
59,0.00805022194981575,0.00805022194981575,0.004145103041082621,0.004145103041082621
60,0.007993333041667938,0.007993333041667938,0.00374859687872231,0.00374859687872231
61,0.008036702871322632,0.008036702871322632,0.0036488533951342106,0.0036488533951342106
62,0.00803864374756813,0.00803864374756813,0.003946037031710148,0.003946037031710148
63,0.00807823147624731,0.00807823147624731,0.003917220048606396,0.003917220048606396
64,0.008035099133849144,0.008035099133849144,0.0037511989939957857,0.0037511989939957857
65,0.007895850576460361,0.007895850576460361,0.004060011822730303,0.004060011822730303
66,0.00790654681622982,0.00790654681622982,0.0036149658262729645,0.0036149658262729645
67,0.007903078570961952,0.007903078570961952,0.0035574783105403185,0.0035574783105403185
68,0.007840689271688461,0.007840689271688461,0.0034562156070023775,0.0034562156070023775
69,0.007903791032731533,0.007903791032731533,0.0035311877727508545,0.0035311877727508545
70,0.007770695257931948,0.007770695257931948,0.004383816383779049,0.004383816383779049
71,0.007837249897420406,0.007837249897420406,0.0034484812058508396,0.0034484812058508396
72,0.007741286884993315,0.007741286884993315,0.0033350542653352022,0.0033350542653352022
73,0.007869615219533443,0.007869615219533443,0.0035403526853770018,0.0035403526853770018
74,0.007702431175857782,0.007702431175857782,0.003500286489725113,0.003500286489725113
75,0.007727290503680706,0.007727290503680706,0.0038987058214843273,0.0038987058214843273
76,0.007628384046256542,0.007628384046256542,0.003481480525806546,0.003481480525806546
77,0.007604952435940504,0.007604952435940504,0.0034941930789500475,0.0034941930789500475
78,0.007556410040706396,0.007556410040706396,0.003299633041024208,0.003299633041024208
79,0.007467157673090696,0.007467157673090696,0.0028657489456236362,0.0028657489456236362
80,0.0074234469793736935,0.0074234469793736935,0.003261047648265958,0.003261047648265958
81,0.007444825489073992,0.007444825489073992,0.002590321935713291,0.002590321935713291
82,0.00738652003929019,0.00738652003929019,0.002642342820763588,0.002642342820763588
83,0.00713081331923604,0.00713081331923604,0.002848564414307475,0.002848564414307475
84,0.006902795750647783,0.006902795750647783,0.0018472566734999418,0.0018472566734999418
85,0.00676090968772769,0.00676090968772769,0.0018614381551742554,0.0018614381551742554
86,0.006277776788920164,0.006277776788920164,0.0014310377882793546,0.0014310377882793546
87,0.006051376461982727,0.006051376461982727,0.0015791045734658837,0.0015791045734658837
88,0.0058260513469576836,0.0058260513469576836,0.0015725617995485663,0.0015725617995485663
89,0.0056500802747905254,0.0056500802747905254,0.0012844990706071258,0.0012844990706071258
90,0.00556504400447011,0.00556504400447011,0.0011755808955058455,0.0011755808955058455
91,0.005316580645740032,0.005316580645740032,0.0017458873335272074,0.0017458873335272074
92,0.005222889594733715,0.005222889594733715,0.0011248530354350805,0.0011248530354350805
93,0.005120656918734312,0.005120656918734312,0.0009531589457765222,0.0009531589457765222
94,0.0048930528573691845,0.0048930528573691845,0.0013818516163155437,0.0013818516163155437
95,0.004858967382460833,0.004858967382460833,0.0009124139323830605,0.0009124139323830605
96,0.004698106087744236,0.004698106087744236,0.0011976202949881554,0.0011976202949881554
97,0.0046834517270326614,0.0046834517270326614,0.0008981384453363717,0.0008981384453363717
98,0.004527588840574026,0.004527588840574026,0.000977878225967288,0.000977878225967288
99,0.004443894140422344,0.004443894140422344,0.0007378075388260186,0.0007378075388260186
100,0.004317456390708685,0.004317456390708685,0.0007523213280364871,0.0007523213280364871
101,0.004312195815145969,0.004312195815145969,0.0007350865053012967,0.0007350865053012967
102,0.004185117781162262,0.004185117781162262,0.0007965776021592319,0.0007965776021592319
103,0.0041566938161849976,0.0041566938161849976,0.0007556700729764998,0.0007556700729764998
104,0.004096672870218754,0.004096672870218754,0.0006875585531815886,0.0006875585531815886
105,0.003968067932873964,0.003968067932873964,0.0006627042312175035,0.0006627042312175035
106,0.003929192665964365,0.003929192665964365,0.0006225387332960963,0.0006225387332960963
107,0.0038733200635761023,0.0038733200635761023,0.0007364627672359347,0.0007364627672359347
108,0.003830950940027833,0.003830950940027833,0.000914680422283709,0.000914680422283709
109,0.003812486073002219,0.003812486073002219,0.0006770913023501635,0.0006770913023501635
110,0.003689343575388193,0.003689343575388193,0.0006045983172953129,0.0006045983172953129
111,0.0036828131414949894,0.0036828131414949894,0.0013663300778716803,0.0013663300778716803
112,0.0036692225839942694,0.0036692225839942694,0.0005731757846660912,0.0005731757846660912
113,0.0035534047055989504,0.0035534047055989504,0.0005916812224313617,0.0005916812224313617
114,0.00359521945938468,0.00359521945938468,0.001019051531329751,0.001019051531329751
115,0.003487764159217477,0.003487764159217477,0.0006530578248202801,0.0006530578248202801
116,0.0033836772199720144,0.0033836772199720144,0.0009050805238075554,0.0009050805238075554
117,0.0034344703890383244,0.0034344703890383244,0.0007376595167443156,0.0007376595167443156
118,0.0033594071865081787,0.0033594071865081787,0.0007514904136769474,0.0007514904136769474
119,0.0033151679672300816,0.0033151679672300816,0.0005199045408517122,0.0005199045408517122
120,0.0032497262582182884,0.0032497262582182884,0.0005652596591971815,0.0005652596591971815
121,0.0032408474944531918,0.0032408474944531918,0.000567382201552391,0.000567382201552391
122,0.0031963540241122246,0.0031963540241122246,0.0005194668774493039,0.0005194668774493039
123,0.0031370199285447598,0.0031370199285447598,0.0005410151788964868,0.0005410151788964868
124,0.0031180321238934994,0.0031180321238934994,0.0005987020558677614,0.0005987020558677614
125,0.003131614765152335,0.003131614765152335,0.0005449426244013011,0.0005449426244013011
126,0.0031141790095716715,0.0031141790095716715,0.0006126067601144314,0.0006126067601144314
127,0.0030218788888305426,0.0030218788888305426,0.000619402271695435,0.000619402271695435
128,0.0030266596004366875,0.0030266596004366875,0.0005711129633709788,0.0005711129633709788
129,0.002962116152048111,0.002962116152048111,0.0007119307992979884,0.0007119307992979884
130,0.0029122615233063698,0.0029122615233063698,0.0006708967266604304,0.0006708967266604304
131,0.002913219388574362,0.002913219388574362,0.0006973534473218024,0.0006973534473218024
132,0.0028659843374043703,0.0028659843374043703,0.0006274518091231585,0.0006274518091231585
133,0.0029548965394496918,0.0029548965394496918,0.0005616449634544551,0.0005616449634544551
134,0.00283051491715014,0.00283051491715014,0.0007928109844215214,0.0007928109844215214
135,0.0028063415084034204,0.0028063415084034204,0.0007507387781515718,0.0007507387781515718
136,0.0027477939147502184,0.0027477939147502184,0.000599716033320874,0.000599716033320874
137,0.002716941526159644,0.002716941526159644,0.0006843354203738272,0.0006843354203738272
138,0.002757882932201028,0.002757882932201028,0.00064228376140818,0.00064228376140818
139,0.0027030035853385925,0.0027030035853385925,0.0006565215298905969,0.0006565215298905969
140,0.0026871152222156525,0.0026871152222156525,0.0007474579615518451,0.0007474579615518451
141,0.002616080455482006,0.002616080455482006,0.0005886107683181763,0.0005886107683181763
142,0.0026414496824145317,0.0026414496824145317,0.000899051665328443,0.000899051665328443
143,0.0026145251467823982,0.0026145251467823982,0.0006763827987015247,0.0006763827987015247
144,0.0026302135083824396,0.0026302135083824396,0.0007133817998692393,0.0007133817998692393
145,0.00261825998313725,0.00261825998313725,0.000765955657698214,0.000765955657698214
146,0.002592674922198057,0.002592674922198057,0.0008089857292361557,0.0008089857292361557
147,0.002620022976770997,0.002620022976770997,0.0007454765727743506,0.0007454765727743506
148,0.0025190627202391624,0.0025190627202391624,0.0007060969946905971,0.0007060969946905971
149,0.0025128372944891453,0.0025128372944891453,0.0007828801753930748,0.0007828801753930748
150,0.002540536690503359,0.002540536690503359,0.0007247895700857043,0.0007247895700857043
151,0.0024853923823684454,0.0024853923823684454,0.0007126498385332525,0.0007126498385332525
152,0.0025082589127123356,0.0025082589127123356,0.0009382340940646827,0.0009382340940646827
153,0.0025432375259697437,0.0025432375259697437,0.0007016212912276387,0.0007016212912276387
154,0.0024605426006019115,0.0024605426006019115,0.0010438252938911319,0.0010438252938911319
155,0.002514371881261468,0.002514371881261468,0.0007733100210316479,0.0007733100210316479
156,0.0024888033512979746,0.0024888033512979746,0.0008038842934183776,0.0008038842934183776
157,0.002484099008142948,0.002484099008142948,0.0008810955914668739,0.0008810955914668739
158,0.0024648592807352543,0.0024648592807352543,0.0007793593103997409,0.0007793593103997409
159,0.0024271542206406593,0.0024271542206406593,0.0008356887847185135,0.0008356887847185135
160,0.002431306755170226,0.002431306755170226,0.001020839554257691,0.001020839554257691
161,0.002508453093469143,0.002508453093469143,0.0008382947999052703,0.0008382947999052703
162,0.0024363265838474035,0.0024363265838474035,0.000812442391179502,0.000812442391179502
163,0.0024504882749170065,0.0024504882749170065,0.000836987397633493,0.000836987397633493
164,0.0024358087684959173,0.0024358087684959173,0.0011793014127761126,0.0011793014127761126
165,0.0024714546743780375,0.0024714546743780375,0.0009673635358922184,0.0009673635358922184
166,0.0023948217276483774,0.0023948217276483774,0.0008448396110907197,0.0008448396110907197
167,0.0024269139394164085,0.0024269139394164085,0.0008741938509047031,0.0008741938509047031
168,0.0024093955289572477,0.0024093955289572477,0.0009189033880829811,0.0009189033880829811
169,0.0024143820628523827,0.0024143820628523827,0.0008720598998479545,0.0008720598998479545
170,0.0025110128335654736,0.0025110128335654736,0.0008777425391599536,0.0008777425391599536
171,0.002379085635766387,0.002379085635766387,0.0009758270462043583,0.0009758270462043583
172,0.0024361074902117252,0.0024361074902117252,0.0010661884443834424,0.0010661884443834424
173,0.0024116726126521826,0.0024116726126521826,0.00100462487898767,0.00100462487898767
174,0.0023829368874430656,0.0023829368874430656,0.0009097599540837109,0.0009097599540837109
175,0.0024879283737391233,0.0024879283737391233,0.0008848524885252118,0.0008848524885252118
176,0.0024104181211441755,0.0024104181211441755,0.0009767201263457537,0.0009767201263457537
177,0.00240287440828979,0.00240287440828979,0.0010056642349809408,0.0010056642349809408
178,0.0023891099262982607,0.0023891099262982607,0.0010001522023230791,0.0010001522023230791
179,0.0024881663266569376,0.0024881663266569376,0.0009994873544201255,0.0009994873544201255
180,0.002427613129839301,0.002427613129839301,0.0009015247342176735,0.0009015247342176735
181,0.0023900947999209166,0.0023900947999209166,0.0009249530849047005,0.0009249530849047005
182,0.0023822986986488104,0.0023822986986488104,0.000894218566827476,0.000894218566827476
183,0.002393545350059867,0.002393545350059867,0.0009921346791088581,0.0009921346791088581
184,0.0023491980973631144,0.0023491980973631144,0.0009739094530232251,0.0009739094530232251
185,0.0023923127446323633,0.0023923127446323633,0.0009529219823889434,0.0009529219823889434
186,0.0023258612491190434,0.0023258612491190434,0.000927346758544445,0.000927346758544445
187,0.002329847076907754,0.002329847076907754,0.000979998498223722,0.000979998498223722
188,0.0023268673103302717,0.0023268673103302717,0.0010041911154985428,0.0010041911154985428
189,0.002331223338842392,0.002331223338842392,0.0009312297916039824,0.0009312297916039824
190,0.002335273427888751,0.002335273427888751,0.0010639970423653722,0.0010639970423653722
191,0.0023628384806215763,0.0023628384806215763,0.0009046116028912365,0.0009046116028912365
192,0.0023346533998847008,0.0023346533998847008,0.0009665715624578297,0.0009665715624578297
193,0.002353220945224166,0.002353220945224166,0.0008851285092532635,0.0008851285092532635
194,0.0023175047244876623,0.0023175047244876623,0.0008541120332665741,0.0008541120332665741
195,0.0023192132357507944,0.0023192132357507944,0.001106885727494955,0.001106885727494955
196,0.002355933655053377,0.002355933655053377,0.0010340583976358175,0.0010340583976358175
197,0.002336962381377816,0.002336962381377816,0.0009130312246270478,0.0009130312246270478
198,0.0023137612733989954,0.0023137612733989954,0.0010527002159506083,0.0010527002159506083
199,0.002310041105374694,0.002310041105374694,0.0009619959746487439,0.0009619959746487439
200,0.0022507638204842806,0.0022507638204842806,0.000872188713401556,0.000872188713401556
201,0.002247393364086747,0.002247393364086747,0.0008957927348092198,0.0008957927348092198
202,0.0022430659737437963,0.0022430659737437963,0.0009302444523200393,0.0009302444523200393
203,0.002239453373476863,0.002239453373476863,0.0008997678523883224,0.0008997678523883224
204,0.0022364791948348284,0.0022364791948348284,0.0009207797120325267,0.0009207797120325267
205,0.002236176049336791,0.002236176049336791,0.0008878408698365092,0.0008878408698365092
206,0.002237563719972968,0.002237563719972968,0.0008987096953205764,0.0008987096953205764
207,0.002236441010609269,0.002236441010609269,0.0008897419320419431,0.0008897419320419431
208,0.0022424357011914253,0.0022424357011914253,0.0008933549979701638,0.0008933549979701638
209,0.0022419849410653114,0.0022419849410653114,0.0008872445905581117,0.0008872445905581117
210,0.0022383860778063536,0.0022383860778063536,0.0008988861227408051,0.0008988861227408051
211,0.0022366514895111322,0.0022366514895111322,0.0008907861192710698,0.0008907861192710698
212,0.0022423728369176388,0.0022423728369176388,0.000905545603018254,0.000905545603018254
213,0.0022340016439557076,0.0022340016439557076,0.0009072995744645596,0.0009072995744645596
214,0.00223967875353992,0.00223967875353992,0.0009171882411465049,0.0009171882411465049
215,0.0022326961625367403,0.0022326961625367403,0.0009037833660840988,0.0009037833660840988
216,0.0022301783319562674,0.0022301783319562674,0.0009245267137885094,0.0009245267137885094
217,0.002237797947600484,0.002237797947600484,0.0009150410769507289,0.0009150410769507289
218,0.002238532993942499,0.002238532993942499,0.0009100037859752774,0.0009100037859752774
219,0.002231163904070854,0.002231163904070854,0.0009057087008841336,0.0009057087008841336
220,0.0022366326302289963,0.0022366326302289963,0.0008951515192165971,0.0008951515192165971
221,0.0022326146718114614,0.0022326146718114614,0.0009104828350245953,0.0009104828350245953
222,0.0022319117560982704,0.0022319117560982704,0.0009113184059970081,0.0009113184059970081
223,0.0022363578900694847,0.0022363578900694847,0.0009034015238285065,0.0009034015238285065
224,0.0022329192142933607,0.0022329192142933607,0.0009067263454198837,0.0009067263454198837
225,0.002235864521935582,0.002235864521935582,0.0009194789454340935,0.0009194789454340935
226,0.002232856350019574,0.002232856350019574,0.0009160503977909684,0.0009160503977909684
227,0.002243142807856202,0.002243142807856202,0.0009044062462635338,0.0009044062462635338
228,0.0022309496998786926,0.0022309496998786926,0.0009054233087226748,0.0009054233087226748
229,0.0022304600570350885,0.0022304600570350885,0.0009189315023832023,0.0009189315023832023
230,0.0022331837099045515,0.0022331837099045515,0.0009090276435017586,0.0009090276435017586
231,0.0022313192021101713,0.0022313192021101713,0.0009219719213433564,0.0009219719213433564
232,0.002239407040178776,0.002239407040178776,0.000930887064896524,0.000930887064896524
233,0.002234263578429818,0.002234263578429818,0.0009335108334198594,0.0009335108334198594
234,0.002231118269264698,0.002231118269264698,0.0009204706875607371,0.0009204706875607371
235,0.0022335415706038475,0.0022335415706038475,0.0009126840159296989,0.0009126840159296989
236,0.0022331427317112684,0.0022331427317112684,0.0009167637908831239,0.0009167637908831239
237,0.002231826540082693,0.002231826540082693,0.0009109537932090461,0.0009109537932090461
238,0.0022318968549370766,0.0022318968549370766,0.0009255860932171345,0.0009255860932171345
239,0.0022284595761448145,0.0022284595761448145,0.0009023406310006976,0.0009023406310006976
240,0.0022342498414218426,0.0022342498414218426,0.0009204464731737971,0.0009204464731737971
241,0.002232263796031475,0.002232263796031475,0.0009393278742209077,0.0009393278742209077
242,0.002232951344922185,0.002232951344922185,0.0009296156349591911,0.0009296156349591911
243,0.0022490902338176966,0.0022490902338176966,0.0008917949162423611,0.0008917949162423611
244,0.00222913920879364,0.00222913920879364,0.0009030124056152999,0.0009030124056152999
245,0.0022260749246925116,0.0022260749246925116,0.0009293620241805911,0.0009293620241805911
246,0.0022311152424663305,0.0022311152424663305,0.0009286915883421898,0.0009286915883421898
247,0.002233560662716627,0.002233560662716627,0.0009111982071772218,0.0009111982071772218
248,0.002233462641015649,0.002233462641015649,0.0009294107439927757,0.0009294107439927757
249,0.0022276255767792463,0.0022276255767792463,0.0009173921425826848,0.0009173921425826848
250,0.002231125021353364,0.002231125021353364,0.0009121418697759509,0.0009121418697759509
251,0.0022309760097414255,0.0022309760097414255,0.0009045157348737121,0.0009045157348737121
252,0.0022288295440375805,0.0022288295440375805,0.0009015918476507068,0.0009015918476507068
253,0.0022346514742821455,0.0022346514742821455,0.0009047080529853702,0.0009047080529853702
254,0.002237203996628523,0.002237203996628523,0.0009160594781860709,0.0009160594781860709
255,0.002234562998637557,0.002234562998637557,0.0009205839596688747,0.0009205839596688747
256,0.0022284898441284895,0.0022284898441284895,0.000918858393561095,0.000918858393561095
257,0.0022305042948573828,0.0022305042948573828,0.000902914151083678,0.000902914151083678
258,0.0022339667193591595,0.0022339667193591595,0.0009181749192066491,0.0009181749192066491
259,0.002232413971796632,0.002232413971796632,0.0009253637981601059,0.0009253637981601059
260,0.002228241181001067,0.002228241181001067,0.0009308807784691453,0.0009308807784691453
261,0.0022282195277512074,0.0022282195277512074,0.0009128289530053735,0.0009128289530053735
262,0.0022309012711048126,0.0022309012711048126,0.0009157158201560378,0.0009157158201560378
263,0.0022274090442806482,0.0022274090442806482,0.0009127023513428867,0.0009127023513428867
264,0.002237802604213357,0.002237802604213357,0.0008991829818114638,0.0008991829818114638
265,0.0022285517770797014,0.0022285517770797014,0.0009019249118864536,0.0009019249118864536
266,0.0022322728764265776,0.0022322728764265776,0.0009158317698165774,0.0009158317698165774
267,0.002225539181381464,0.002225539181381464,0.0009199933847412467,0.0009199933847412467
268,0.0022306095343083143,0.0022306095343083143,0.0009210145799443126,0.0009210145799443126
269,0.002227296121418476,0.002227296121418476,0.0009166263043880463,0.0009166263043880463
270,0.0022336586844176054,0.0022336586844176054,0.0009273923933506012,0.0009273923933506012
271,0.002229386940598488,0.002229386940598488,0.0009165207738988101,0.0009165207738988101
272,0.0022261219564825296,0.0022261219564825296,0.0009076922433450818,0.0009076922433450818
273,0.002227524761110544,0.002227524761110544,0.0009219747153110802,0.0009219747153110802
274,0.002224542433395982,0.002224542433395982,0.0009102999465540051,0.0009102999465540051
275,0.0022275696974247694,0.0022275696974247694,0.0009106203215196729,0.0009106203215196729
276,0.002229563193395734,0.002229563193395734,0.0009379165130667388,0.0009379165130667388
277,0.0022372135426849127,0.0022372135426849127,0.000908039859496057,0.000908039859496057
278,0.002225697971880436,0.002225697971880436,0.0009403452277183533,0.0009403452277183533
279,0.0022301285061985254,0.0022301285061985254,0.0009410480270162225,0.0009410480270162225
280,0.0022278486285358667,0.0022278486285358667,0.0009133343701250851,0.0009133343701250851
281,0.0022249766625463963,0.0022249766625463963,0.0009141525370068848,0.0009141525370068848
282,0.0022261985577642918,0.0022261985577642918,0.000922151084523648,0.000922151084523648
283,0.0022258847020566463,0.0022258847020566463,0.0009495299309492111,0.0009495299309492111
284,0.002227895660325885,0.002227895660325885,0.0009260446531698108,0.0009260446531698108
285,0.0022295864764600992,0.0022295864764600992,0.0009258206700906157,0.0009258206700906157
286,0.002226425101980567,0.002226425101980567,0.000918511301279068,0.000918511301279068
287,0.0022257184609770775,0.0022257184609770775,0.0009246187983080745,0.0009246187983080745
288,0.002230568788945675,0.002230568788945675,0.0009331332403235137,0.0009331332403235137
289,0.002223351038992405,0.002223351038992405,0.0009181611239910126,0.0009181611239910126
290,0.0022318302653729916,0.0022318302653729916,0.0009219720959663391,0.0009219720959663391
291,0.002225103322416544,0.002225103322416544,0.0009193519945256412,0.0009193519945256412
292,0.0022258013486862183,0.0022258013486862183,0.0009314481867477298,0.0009314481867477298
293,0.002234283136203885,0.002234283136203885,0.0008967982721515,0.0008967982721515
294,0.00222312961705029,0.00222312961705029,0.0009184400551021099,0.0009184400551021099
295,0.002226131036877632,0.002226131036877632,0.0009290549205616117,0.0009290549205616117
296,0.0022271948400884867,0.0022271948400884867,0.0009333166526630521,0.0009333166526630521
297,0.002230375539511442,0.002230375539511442,0.0009115080465562642,0.0009115080465562642
298,0.0022286181338131428,0.0022286181338131428,0.0009352552588097751,0.0009352552588097751
299,0.0022251566406339407,0.0022251566406339407,0.000932323164306581,0.000932323164306581
300,0.002225195523351431,0.002225195523351431,0.0009493702091276646,0.0009493702091276646
301,0.002227487973868847,0.002227487973868847,0.0009538038866594434,0.0009538038866594434
302,0.002222521463409066,0.002222521463409066,0.0009285451960749924,0.0009285451960749924
303,0.00222871289588511,0.00222871289588511,0.0009396776440553367,0.0009396776440553367
304,0.002224050695076585,0.002224050695076585,0.0009316523792222142,0.0009316523792222142
305,0.0022289396729320288,0.0022289396729320288,0.0009204350644722581,0.0009204350644722581
306,0.002222997834905982,0.002222997834905982,0.0009237125632353127,0.0009237125632353127
307,0.002230585552752018,0.002230585552752018,0.0009160226909443736,0.0009160226909443736
308,0.0022362282034009695,0.0022362282034009695,0.0009212060831487179,0.0009212060831487179
309,0.0022281694691628218,0.0022281694691628218,0.0009339236421510577,0.0009339236421510577
310,0.0022224963176995516,0.0022224963176995516,0.000930719543248415,0.000930719543248415
311,0.0022235943470150232,0.0022235943470150232,0.000930784095544368,0.000930784095544368
312,0.0022291848435997963,0.0022291848435997963,0.0009392139618285,0.0009392139618285
313,0.002228787401691079,0.002228787401691079,0.0009278137004002929,0.0009278137004002929
314,0.002232605591416359,0.002232605591416359,0.0009213555604219437,0.0009213555604219437
315,0.00223401072435081,0.00223401072435081,0.0009263213723897934,0.0009263213723897934
316,0.002225343370810151,0.002225343370810151,0.000922380480915308,0.000922380480915308
317,0.0022304896265268326,0.0022304896265268326,0.0009381628478877246,0.0009381628478877246
318,0.002226411597803235,0.002226411597803235,0.0009375273948535323,0.0009375273948535323
319,0.002219812711700797,0.002219812711700797,0.0009377759997732937,0.0009377759997732937
320,0.0022256639786064625,0.0022256639786064625,0.0009116689907386899,0.0009116689907386899
321,0.0022203391417860985,0.0022203391417860985,0.0009482664754614234,0.0009482664754614234
322,0.0022213042248040438,0.0022213042248040438,0.0009348313324153423,0.0009348313324153423
323,0.0022219012025743723,0.0022219012025743723,0.0009326466242782772,0.0009326466242782772
324,0.002217948902398348,0.002217948902398348,0.0009294018382206559,0.0009294018382206559
325,0.0022178106009960175,0.0022178106009960175,0.0009291279129683971,0.0009291279129683971
326,0.00222455314360559,0.00222455314360559,0.0009347624145448208,0.0009347624145448208
327,0.002216884633526206,0.002216884633526206,0.0009259452926926315,0.0009259452926926315
328,0.0022235021460801363,0.0022235021460801363,0.0009467693162150681,0.0009467693162150681
329,0.0022188634611666203,0.0022188634611666203,0.0009390093619003892,0.0009390093619003892
330,0.002220798982307315,0.002220798982307315,0.0009333837078884244,0.0009333837078884244
331,0.0022193167824298143,0.0022193167824298143,0.0009465956827625632,0.0009465956827625632
332,0.0022230285685509443,0.0022230285685509443,0.0009146410739049315,0.0009146410739049315
333,0.0022205766290426254,0.0022205766290426254,0.00093313108664006,0.00093313108664006
334,0.002218615962192416,0.002218615962192416,0.00093367527006194,0.00093367527006194
335,0.0022212497424334288,0.0022212497424334288,0.0009520165622234344,0.0009520165622234344
336,0.002223164774477482,0.002223164774477482,0.0009474353864789009,0.0009474353864789009
337,0.0022234732750803232,0.0022234732750803232,0.0009472316014580429,0.0009472316014580429
338,0.0022173053584992886,0.0022173053584992886,0.0009282208047807217,0.0009282208047807217
339,0.002222834387794137,0.002222834387794137,0.00092464464250952,0.00092464464250952
340,0.00221965997479856,0.00221965997479856,0.0009445908362977207,0.0009445908362977207
341,0.002212145598605275,0.002212145598605275,0.0009191824938170612,0.0009191824938170612
342,0.002217632718384266,0.002217632718384266,0.000941669917665422,0.000941669917665422
343,0.002218534704297781,0.002218534704297781,0.0009334998321719468,0.0009334998321719468
344,0.002229260513558984,0.002229260513558984,0.0009299911325797439,0.0009299911325797439
345,0.002217143075540662,0.002217143075540662,0.0009401630377396941,0.0009401630377396941
346,0.0022154825273901224,0.0022154825273901224,0.0009311527828685939,0.0009311527828685939
347,0.002223593182861805,0.002223593182861805,0.0009345171856693923,0.0009345171856693923
348,0.0022281089331954718,0.0022281089331954718,0.000980806304141879,0.000980806304141879
349,0.002221394795924425,0.002221394795924425,0.0009380515548400581,0.0009380515548400581
350,0.002216293476521969,0.002216293476521969,0.0009466229239478707,0.0009466229239478707
351,0.0022193246986716986,0.0022193246986716986,0.0009052980458363891,0.0009052980458363891
352,0.002215442480519414,0.002215442480519414,0.0009545086650177836,0.0009545086650177836
353,0.002230391139164567,0.002230391139164567,0.0009542278712615371,0.0009542278712615371
354,0.0022136052139103413,0.0022136052139103413,0.0009386359597556293,0.0009386359597556293
355,0.0022154611069709063,0.0022154611069709063,0.0009326135623268783,0.0009326135623268783
356,0.00221968162804842,0.00221968162804842,0.0009419576963409781,0.0009419576963409781
357,0.002215668326243758,0.002215668326243758,0.0009385606390424073,0.0009385606390424073
358,0.002217912580817938,0.002217912580817938,0.0009575844742357731,0.0009575844742357731
359,0.0022178851068019867,0.0022178851068019867,0.0009564374340698123,0.0009564374340698123
360,0.002215988002717495,0.002215988002717495,0.0009336122311651707,0.0009336122311651707
361,0.002212215680629015,0.002212215680629015,0.0009716668864712119,0.0009716668864712119
362,0.002210949081927538,0.002210949081927538,0.0009415600216016173,0.0009415600216016173
363,0.002215262036770582,0.002215262036770582,0.0009239019709639251,0.0009239019709639251
364,0.0022072792053222656,0.0022072792053222656,0.0009498588624410331,0.0009498588624410331
365,0.0022122380323708057,0.0022122380323708057,0.0009278975194320083,0.0009278975194320083
366,0.0022102410439401865,0.0022102410439401865,0.0009261782979592681,0.0009261782979592681
367,0.0022211989853531122,0.0022211989853531122,0.0009926840430125594,0.0009926840430125594
368,0.00221666949801147,0.00221666949801147,0.0009634552407078445,0.0009634552407078445
369,0.0022148399148136377,0.0022148399148136377,0.000946853484492749,0.000946853484492749
370,0.002206877339631319,0.002206877339631319,0.0009613367728888988,0.0009613367728888988
371,0.00221023871563375,0.00221023871563375,0.0009573830175213516,0.0009573830175213516
372,0.0022057024762034416,0.0022057024762034416,0.000951943569816649,0.000951943569816649
373,0.0022100002970546484,0.0022100002970546484,0.0009263060055673122,0.0009263060055673122
374,0.0022057974711060524,0.0022057974711060524,0.0009486976196058095,0.0009486976196058095
375,0.0022086205426603556,0.0022086205426603556,0.0009704533731564879,0.0009704533731564879
376,0.0022077581379562616,0.0022077581379562616,0.0009464373579248786,0.0009464373579248786
377,0.0022113046143203974,0.0022113046143203974,0.0009605269879102707,0.0009605269879102707
378,0.0022068009711802006,0.0022068009711802006,0.0009457714622840285,0.0009457714622840285
379,0.0022127823904156685,0.0022127823904156685,0.0009613828733563423,0.0009613828733563423
380,0.002208085497841239,0.002208085497841239,0.0009719168883748353,0.0009719168883748353
381,0.002213574480265379,0.002213574480265379,0.0009575544972904027,0.0009575544972904027
382,0.002211748156696558,0.002211748156696558,0.0009272953611798584,0.0009272953611798584
383,0.002204552758485079,0.002204552758485079,0.000985521706752479,0.000985521706752479
384,0.002204823773354292,0.002204823773354292,0.0009476967388764024,0.0009476967388764024
385,0.0022136028856039047,0.0022136028856039047,0.0009612057474441826,0.0009612057474441826
386,0.0022164846304804087,0.0022164846304804087,0.0009862565202638507,0.0009862565202638507
387,0.0022040545009076595,0.0022040545009076595,0.0009363180142827332,0.0009363180142827332
388,0.002202502219006419,0.002202502219006419,0.000929321744479239,0.000929321744479239
389,0.0022009590175002813,0.0022009590175002813,0.000945320469327271,0.000945320469327271
390,0.0022071118000894785,0.0022071118000894785,0.0009470224613323808,0.0009470224613323808
391,0.002202905947342515,0.002202905947342515,0.000960719189606607,0.000960719189606607
392,0.002202057745307684,0.002202057745307684,0.0009427901240997016,0.0009427901240997016
393,0.0022066300734877586,0.0022066300734877586,0.000960253644734621,0.000960253644734621
394,0.0022026917431503534,0.0022026917431503534,0.0009338308009319007,0.0009338308009319007
395,0.0022038347087800503,0.0022038347087800503,0.0009553316049277782,0.0009553316049277782
396,0.0022049350664019585,0.0022049350664019585,0.0009279386140406132,0.0009279386140406132
397,0.00220474973320961,0.00220474973320961,0.0009337343508377671,0.0009337343508377671
398,0.0022012554109096527,0.0022012554109096527,0.0009403745643794537,0.0009403745643794537
399,0.0022012274712324142,0.0022012274712324142,0.0009470139630138874,0.0009470139630138874
400,0.0022020151372998953,0.0022020151372998953,0.0009288656292483211,0.0009288656292483211
401,0.0022028302773833275,0.0022028302773833275,0.0009590075351297855,0.0009590075351297855
402,0.0022073460277169943,0.0022073460277169943,0.0009431225480511785,0.0009431225480511785
403,0.002212332794442773,0.002212332794442773,0.0009342903504148126,0.0009342903504148126
404,0.002203406533226371,0.002203406533226371,0.0009227719274349511,0.0009227719274349511
405,0.002204012358561158,0.002204012358561158,0.0009325831197202206,0.0009325831197202206
406,0.0021982800681144,0.0021982800681144,0.0009241857333108783,0.0009241857333108783
407,0.0021999473683536053,0.0021999473683536053,0.0009380730916745961,0.0009380730916745961
408,0.002197787631303072,0.002197787631303072,0.0009146359516307712,0.0009146359516307712
409,0.0021949855145066977,0.0021949855145066977,0.0009343412821181118,0.0009343412821181118
410,0.0022003117483109236,0.0022003117483109236,0.0009228012640960515,0.0009228012640960515
411,0.002201833063736558,0.002201833063736558,0.0009267609566450119,0.0009267609566450119
412,0.002193935913965106,0.002193935913965106,0.0009395371307618916,0.0009395371307618916
413,0.0021974192932248116,0.0021974192932248116,0.0009669592836871743,0.0009669592836871743
414,0.002198610920459032,0.002198610920459032,0.0009335301001556218,0.0009335301001556218
415,0.0021938737481832504,0.0021938737481832504,0.0009363276767544448,0.0009363276767544448
416,0.00219514942727983,0.00219514942727983,0.0009411480277776718,0.0009411480277776718
417,0.002198770409449935,0.002198770409449935,0.0009344029240310192,0.0009344029240310192
418,0.0021913526579737663,0.0021913526579737663,0.0009219477651640773,0.0009219477651640773
419,0.0021983494516462088,0.0021983494516462088,0.0009329274180345237,0.0009329274180345237
420,0.002197491703554988,0.002197491703554988,0.0009394920198246837,0.0009394920198246837
421,0.0021948961075395346,0.0021948961075395346,0.0009439263376407325,0.0009439263376407325
422,0.002193290973082185,0.002193290973082185,0.0009185989620164037,0.0009185989620164037
423,0.0021913887467235327,0.0021913887467235327,0.0009333384223282337,0.0009333384223282337
424,0.002199570182710886,0.002199570182710886,0.000911409966647625,0.000911409966647625
425,0.0021934849210083485,0.0021934849210083485,0.0009489012882113457,0.0009489012882113457
426,0.0021894462406635284,0.0021894462406635284,0.0009568684035912156,0.0009568684035912156
427,0.0021895398385822773,0.0021895398385822773,0.0009524431079626083,0.0009524431079626083
428,0.0021880867425352335,0.0021880867425352335,0.000952265050727874,0.000952265050727874
429,0.0021897247061133385,0.0021897247061133385,0.0009505918133072555,0.0009505918133072555
430,0.0021923366002738476,0.0021923366002738476,0.0009480513399466872,0.0009480513399466872
431,0.0021876811515539885,0.0021876811515539885,0.0009322309633716941,0.0009322309633716941
432,0.002189560793340206,0.002189560793340206,0.0009466310148127377,0.0009466310148127377
433,0.0021887244656682014,0.0021887244656682014,0.0009199216146953404,0.0009199216146953404
434,0.002189369173720479,0.002189369173720479,0.0009271336602978408,0.0009271336602978408
435,0.0021866599563509226,0.0021866599563509226,0.000931955873966217,0.000931955873966217
436,0.002197226509451866,0.002197226509451866,0.0009314804337918758,0.0009314804337918758
437,0.0021849460899829865,0.0021849460899829865,0.0009259460493922234,0.0009259460493922234
438,0.002187456004321575,0.002187456004321575,0.000923154701013118,0.000923154701013118
439,0.002189348451793194,0.002189348451793194,0.0009476760169491172,0.0009476760169491172
440,0.0021898390259593725,0.0021898390259593725,0.0009147549280896783,0.0009147549280896783
441,0.0021861332934349775,0.0021861332934349775,0.0009271685848943889,0.0009271685848943889
442,0.0021900224965065718,0.0021900224965065718,0.0009336739894933999,0.0009336739894933999
443,0.002190727973356843,0.002190727973356843,0.0009248778223991394,0.0009248778223991394
444,0.002184507669880986,0.002184507669880986,0.0009428414632566273,0.0009428414632566273
445,0.0021825486328452826,0.0021825486328452826,0.0009272952447645366,0.0009272952447645366
446,0.0021872231736779213,0.0021872231736779213,0.0009606681996956468,0.0009606681996956468
447,0.002188979648053646,0.002188979648053646,0.000929106492549181,0.000929106492549181
448,0.0021818147506564856,0.0021818147506564856,0.0009395728702656925,0.0009395728702656925
449,0.002185871358960867,0.002185871358960867,0.0009474024991504848,0.0009474024991504848
450,0.0021813681814819574,0.0021813681814819574,0.0009319194359704852,0.0009319194359704852
451,0.0021927272900938988,0.0021927272900938988,0.0009177345782518387,0.0009177345782518387
452,0.002183336764574051,0.002183336764574051,0.0009563312632963061,0.0009563312632963061
453,0.002188678365200758,0.002188678365200758,0.0009292848408222198,0.0009292848408222198
454,0.0021801514085382223,0.0021801514085382223,0.0009184582158923149,0.0009184582158923149
455,0.0021878958214074373,0.0021878958214074373,0.0009392634965479374,0.0009392634965479374
456,0.0021825404837727547,0.0021825404837727547,0.0009182488429360092,0.0009182488429360092
457,0.002177339978516102,0.002177339978516102,0.0009377127280458808,0.0009377127280458808
458,0.0021823400165885687,0.0021823400165885687,0.0009345170110464096,0.0009345170110464096
459,0.00218395609408617,0.00218395609408617,0.0009130402468144894,0.0009130402468144894
460,0.002179218688979745,0.002179218688979745,0.0009318110533058643,0.0009318110533058643
461,0.002179053146392107,0.002179053146392107,0.0009248959831893444,0.0009248959831893444
462,0.0021840797271579504,0.0021840797271579504,0.0009324040147475898,0.0009324040147475898
463,0.002186640165746212,0.002186640165746212,0.0009265630505979061,0.0009265630505979061
464,0.0021848417818546295,0.0021848417818546295,0.0009366480517201126,0.0009366480517201126
465,0.0021810540929436684,0.0021810540929436684,0.0009211959550157189,0.0009211959550157189
466,0.0021789995953440666,0.0021789995953440666,0.0009308319422416389,0.0009308319422416389
467,0.0021789821330457926,0.0021789821330457926,0.0009096701396629214,0.0009096701396629214
468,0.002179686212912202,0.002179686212912202,0.0009509586961939931,0.0009509586961939931
469,0.0021799872629344463,0.0021799872629344463,0.000922087230719626,0.000922087230719626
470,0.0021848916076123714,0.0021848916076123714,0.0009414646774530411,0.0009414646774530411
471,0.002174251014366746,0.002174251014366746,0.0009337929077446461,0.0009337929077446461
472,0.002174534136429429,0.002174534136429429,0.0009223308297805488,0.0009223308297805488
473,0.0021769183222204447,0.0021769183222204447,0.0009404587326571345,0.0009404587326571345
474,0.0021783062256872654,0.0021783062256872654,0.0009402183932252228,0.0009402183932252228
475,0.0021742975804954767,0.0021742975804954767,0.000923291954677552,0.000923291954677552
476,0.002171857515349984,0.002171857515349984,0.0009264025720767677,0.0009264025720767677
477,0.002187261590734124,0.002187261590734124,0.0009290771558880806,0.0009290771558880806
478,0.0021839411929249763,0.0021839411929249763,0.0009288694709539413,0.0009288694709539413
479,0.00218008435331285,0.00218008435331285,0.0009268680587410927,0.0009268680587410927
480,0.0021722232922911644,0.0021722232922911644,0.0009394424268975854,0.0009394424268975854
481,0.0021805474534630775,0.0021805474534630775,0.0009314079652540386,0.0009314079652540386
482,0.002185301622375846,0.002185301622375846,0.0009812983917072415,0.0009812983917072415
483,0.0021754412446171045,0.0021754412446171045,0.0009505389025434852,0.0009505389025434852
484,0.002179088070988655,0.002179088070988655,0.000944103579968214,0.000944103579968214
485,0.0021764973644167185,0.0021764973644167185,0.0009158958564512432,0.0009158958564512432
486,0.0021764980629086494,0.0021764980629086494,0.0009425936150364578,0.0009425936150364578
487,0.0021741159725934267,0.0021741159725934267,0.0009467547642998397,0.0009467547642998397
488,0.002173671731725335,0.002173671731725335,0.0009254770120605826,0.0009254770120605826
489,0.00217264867387712,0.00217264867387712,0.000932900351472199,0.000932900351472199
490,0.00217441632412374,0.00217441632412374,0.0009257799829356372,0.0009257799829356372
491,0.0021713555324822664,0.0021713555324822664,0.0009185675298795104,0.0009185675298795104
492,0.0021722482051700354,0.0021722482051700354,0.0009368356550112367,0.0009368356550112367
493,0.002179061993956566,0.002179061993956566,0.0009281765669584274,0.0009281765669584274
494,0.002178412629291415,0.002178412629291415,0.0009195158490911126,0.0009195158490911126
495,0.0021788841113448143,0.0021788841113448143,0.0009516422869637609,0.0009516422869637609
496,0.0021823919378221035,0.0021823919378221035,0.0009566366788931191,0.0009566366788931191
497,0.002174592576920986,0.002174592576920986,0.0009469423675909638,0.0009469423675909638
498,0.002173474058508873,0.002173474058508873,0.0009248167043551803,0.0009248167043551803
499,0.002175732981413603,0.002175732981413603,0.0009185887756757438,0.0009185887756757438
500,0.002169478451833129,0.002169478451833129,0.0009388580219820142,0.0009388580219820142
501,0.002177540445700288,0.002177540445700288,0.0009378107497468591,0.0009378107497468591
502,0.002180288080126047,0.002180288080126047,0.000958091754000634,0.000958091754000634
503,0.0021764093544334173,0.0021764093544334173,0.0009350362233817577,0.0009350362233817577
504,0.0021766528952866793,0.0021766528952866793,0.0009198210900649428,0.0009198210900649428
505,0.0021679988130927086,0.0021679988130927086,0.0009318626252934337,0.0009318626252934337
506,0.002171323634684086,0.002171323634684086,0.0009370138868689537,0.0009370138868689537
507,0.0021805474534630775,0.0021805474534630775,0.0009701995295472443,0.0009701995295472443
508,0.0021718626376241446,0.0021718626376241446,0.000913005496840924,0.000913005496840924
509,0.0021800680551677942,0.0021800680551677942,0.0009239109349437058,0.0009239109349437058
510,0.0021740905940532684,0.0021740905940532684,0.0009239342762157321,0.0009239342762157321
511,0.002168734325096011,0.002168734325096011,0.0009265471016988158,0.0009265471016988158
512,0.0021732368040829897,0.0021732368040829897,0.0009580813348293304,0.0009580813348293304
513,0.0021740866359323263,0.0021740866359323263,0.0009157186141237617,0.0009157186141237617
514,0.0021696502808481455,0.0021696502808481455,0.0009272639872506261,0.0009272639872506261
515,0.002165202982723713,0.002165202982723713,0.0009405657765455544,0.0009405657765455544
516,0.0021709382999688387,0.0021709382999688387,0.000951529829762876,0.000951529829762876
517,0.0021692998707294464,0.0021692998707294464,0.0009346106089651585,0.0009346106089651585
518,0.0021680942736566067,0.0021680942736566067,0.0009350168402306736,0.0009350168402306736
519,0.002169844228774309,0.002169844228774309,0.0009430492063984275,0.0009430492063984275
520,0.002173140412196517,0.002173140412196517,0.0009270496666431427,0.0009270496666431427
521,0.002179252216592431,0.002179252216592431,0.0009394333465024829,0.0009394333465024829
522,0.0021784845739603043,0.0021784845739603043,0.0009212900185957551,0.0009212900185957551
523,0.0021679417695850134,0.0021679417695850134,0.0009255150216631591,0.0009255150216631591
524,0.002167475176975131,0.002167475176975131,0.0009539434686303139,0.0009539434686303139
525,0.0021703375969082117,0.0021703375969082117,0.0009451989899389446,0.0009451989899389446
526,0.002172191860154271,0.002172191860154271,0.000967981934081763,0.000967981934081763
527,0.0021691585425287485,0.0021691585425287485,0.0009197987383231521,0.0009197987383231521
528,0.002166104968637228,0.002166104968637228,0.0009395756060257554,0.0009395756060257554
529,0.0021715553011745214,0.0021715553011745214,0.0009224395034834743,0.0009224395034834743
530,0.0021692474838346243,0.0021692474838346243,0.000905817374587059,0.000905817374587059
531,0.0021647363901138306,0.0021647363901138306,0.0009343614801764488,0.0009343614801764488
532,0.00217673578299582,0.00217673578299582,0.0009241320076398551,0.0009241320076398551
533,0.002166735241189599,0.002166735241189599,0.0009415948879905045,0.0009415948879905045
534,0.002165572950616479,0.002165572950616479,0.000941585109103471,0.000941585109103471
535,0.0021626949310302734,0.0021626949310302734,0.0009268958820030093,0.0009268958820030093
536,0.002171497792005539,0.002171497792005539,0.0009385512094013393,0.0009385512094013393
537,0.0021726980339735746,0.0021726980339735746,0.0009164893999695778,0.0009164893999695778
538,0.0021718363277614117,0.0021718363277614117,0.0009342863340862095,0.0009342863340862095
539,0.0021655617747455835,0.0021655617747455835,0.0009147340315394104,0.0009147340315394104
540,0.0021700337529182434,0.0021700337529182434,0.0009202193468809128,0.0009202193468809128
541,0.00216594897210598,0.00216594897210598,0.000926160835660994,0.000926160835660994
542,0.002161185722798109,0.002161185722798109,0.0009157370659522712,0.0009157370659522712
543,0.0021627433598041534,0.0021627433598041534,0.0009323492413386703,0.0009323492413386703
544,0.002164707286283374,0.002164707286283374,0.0009308939916081727,0.0009308939916081727
545,0.002165945479646325,0.002165945479646325,0.0009252321906387806,0.0009252321906387806
546,0.002181209623813629,0.002181209623813629,0.0009186649695038795,0.0009186649695038795
547,0.0021693184971809387,0.0021693184971809387,0.000940734229516238,0.000940734229516238
548,0.0021718197967857122,0.0021718197967857122,0.0009429946658201516,0.0009429946658201516
549,0.0021635866723954678,0.0021635866723954678,0.0009167583775706589,0.0009167583775706589
550,0.0021706826519221067,0.0021706826519221067,0.000915352429728955,0.000915352429728955
551,0.0021711864974349737,0.0021711864974349737,0.0009466672199778259,0.0009466672199778259
552,0.0021754284389317036,0.0021754284389317036,0.0009552953997626901,0.0009552953997626901
553,0.0021679699420928955,0.0021679699420928955,0.000937550445087254,0.000937550445087254
554,0.0021638243924826384,0.0021638243924826384,0.0009364809957332909,0.0009364809957332909
555,0.0021639333572238684,0.0021639333572238684,0.0009415984968654811,0.0009415984968654811
556,0.0021639878395944834,0.0021639878395944834,0.000909954949747771,0.000909954949747771
557,0.002161398995667696,0.002161398995667696,0.0009296312928199768,0.0009296312928199768
558,0.0021686558611691,0.0021686558611691,0.0009180415654554963,0.0009180415654554963
559,0.002163051627576351,0.002163051627576351,0.0009351215558126569,0.0009351215558126569
560,0.0021638839971274137,0.0021638839971274137,0.0009234539465978742,0.0009234539465978742
561,0.0021773118060082197,0.0021773118060082197,0.000908341899048537,0.000908341899048537
562,0.0021615680307149887,0.0021615680307149887,0.0009404504671692848,0.0009404504671692848
563,0.002163025550544262,0.002163025550544262,0.0009062980534508824,0.0009062980534508824
564,0.002170637482777238,0.002170637482777238,0.0009024277096614242,0.0009024277096614242
565,0.0021683755330741405,0.0021683755330741405,0.0009129598620347679,0.0009129598620347679
566,0.002165597165003419,0.002165597165003419,0.0009351043263450265,0.0009351043263450265
567,0.002173562301322818,0.002173562301322818,0.0009345854632556438,0.0009345854632556438
568,0.0021656991448253393,0.0021656991448253393,0.0009304210543632507,0.0009304210543632507
569,0.0021701098885387182,0.0021701098885387182,0.0009296211646869779,0.0009296211646869779
570,0.002162315184250474,0.002162315184250474,0.0009226576657965779,0.0009226576657965779
571,0.0021584993228316307,0.0021584993228316307,0.0009333514608442783,0.0009333514608442783
572,0.002159898867830634,0.002159898867830634,0.0009139529429376125,0.0009139529429376125
573,0.0021609703544527292,0.0021609703544527292,0.0009135217405855656,0.0009135217405855656
574,0.002162700518965721,0.002162700518965721,0.0009268338908441365,0.0009268338908441365
575,0.002167831175029278,0.002167831175029278,0.0009065006161108613,0.0009065006161108613
576,0.002161481650546193,0.002161481650546193,0.0009318118100054562,0.0009318118100054562
577,0.002161918906494975,0.002161918906494975,0.0009256877237930894,0.0009256877237930894
578,0.0021646074019372463,0.0021646074019372463,0.0009282172541134059,0.0009282172541134059
579,0.002168492879718542,0.002168492879718542,0.000929212081246078,0.000929212081246078
580,0.0021588047966361046,0.0021588047966361046,0.0009151026606559753,0.0009151026606559753
581,0.002162481425330043,0.002162481425330043,0.0009151211124844849,0.0009151211124844849
582,0.0021625549998134375,0.0021625549998134375,0.0009371713967993855,0.0009371713967993855
583,0.002158826682716608,0.002158826682716608,0.0009283642284572124,0.0009283642284572124
584,0.002166327089071274,0.002166327089071274,0.0009321903926320374,0.0009321903926320374
585,0.002162138931453228,0.002162138931453228,0.0009113289415836334,0.0009113289415836334
586,0.002168283797800541,0.002168283797800541,0.0009076751885004342,0.0009076751885004342
587,0.0021586737129837275,0.0021586737129837275,0.000930500216782093,0.000930500216782093
588,0.002161620883271098,0.002161620883271098,0.0009434336679987609,0.0009434336679987609
589,0.0021605109795928,0.0021605109795928,0.0009167903917841613,0.0009167903917841613
590,0.0021614597644656897,0.0021614597644656897,0.00092194729950279,0.00092194729950279
591,0.0021562983747571707,0.0021562983747571707,0.0009142686612904072,0.0009142686612904072
592,0.0021619044709950686,0.0021619044709950686,0.0009210784919559956,0.0009210784919559956
593,0.0021639098413288593,0.0021639098413288593,0.0009220549836754799,0.0009220549836754799
594,0.0021595112048089504,0.0021595112048089504,0.0009224902605637908,0.0009224902605637908
595,0.0021557535510510206,0.0021557535510510206,0.0009282976388931274,0.0009282976388931274
596,0.002164687728509307,0.002164687728509307,0.0009196501923725009,0.0009196501923725009
597,0.002169606741517782,0.002169606741517782,0.000930903188418597,0.000930903188418597
598,0.0021616490557789803,0.0021616490557789803,0.0009283996187150478,0.0009283996187150478
599,0.002158343093469739,0.002158343093469739,0.0009188608382828534,0.0009188608382828534
